{
    "loss": 0.12616495788097382,
    "accuracy": 0.9568345546722412
}