{
    "loss": 12.410771369934082,
    "accuracy": 0.5467625856399536
}